<Configuration status="info" name="laboratorioI" >
    <Appenders>
        <!-- Console Appender -->
        <Console name="Console" target="SYSTEM_OUT">
            <PatternLayout pattern="%d{HH:mm:ss.SSS} [%t] %-5level %logger{36} - %msg%n" />
        </Console>

        <!-- File Appender -->
        <File name="File" fileName="application.log">
            <PatternLayout pattern="%d{HH:mm:ss.SSS} [%t] %-5level %logger{36} - %msg%n" />
        </File>
    </Appenders>

    <Loggers>
        <Root level="info">
            <AppenderRef ref="Console" />
            <AppenderRef ref="File" />
        </Root>
        <Logger name="org.hibernate" level="error"/>
    </Loggers>


</Configuration>

